{
    "Linear Regression": {
        "R2": 0.91210398842005,
        "MAE": 0.4838123924383556,
        "RMSE": 0.7366031830022072
    },
    "Random Forest": {
        "R2": 0.9209028698270326,
        "MAE": 0.4618463923410354,
        "RMSE": 0.6987621462858447
    }
}